{
  "TodoMVC React Checkbox": {
    "neural": {
      "avg": 8.62963833808899,
      "min": 8.02961277961731,
      "max": 8.933324098587036,
      "success_rate": 100.0
    },
    "playwright": {
      "avg": 0.4198791980743408,
      "min": 0.31123828887939453,
      "max": 0.7859416007995605,
      "success_rate": 100.0
    }
  },
  "reCAPTCHA VLM Solve": {
    "neural": {
      "avg": 49.59176774024964,
      "min": 20.36384630203247,
      "max": 129.46617364883423,
      "success_rate": 100.0
    },
    "playwright": {
      "avg": -1,
      "min": -1,
      "max": -1,
      "success_rate": 0.0
    }
  }
}