{
  "TodoMVC React Checkbox": {
    "neural": {
      "avg": 9.490452289581299,
      "min": 9.15379285812378,
      "max": 9.905216932296753,
      "success_rate": 100.0
    },
    "playwright": {
      "avg": 0.3334388732910156,
      "min": 0.31873059272766113,
      "max": 0.35602307319641113,
      "success_rate": 100.0
    }
  }
}